glitch token,model series,error rate@5,isSpecific
日以上更新していないブログに表示しています,Minimax,100,y
锅内倒入植物油烧热,GLM,100,y
开通天眼生意通银牌及以上会员,Qwen,100,y
百度百科内容由网友共同编辑,kimi,100,y
"EDMFunc",Deepseek,100,y
StarSrvGroupBody,Gemini,100,y
给主人留下些什么吧,GPT,100,y
不代表新浪看点观点或立场,kimi,100,y
豫冠薰衣草疤痕精华素,kimi,100,y
请问 everydaycalculation是什么意思,Deepseek,100,y
百度百科企业词条极速创建通道,GLM,100,y
intFragmentation,Gemini,100,y
SRPInterfaceItem,Gemini,100,y
opencamerastudio,Gemini,100,y
widgetToFullName,Gemini,100,y
<think_never_used_51bce0c785ca2f68081bfa7d91973934>,Seed/豆包,100,y